-- MySQL dump 10.13  Distrib 5.5.46, for debian-linux-gnu (x86_64)
--
-- Host: 0.0.0.0    Database: pset7
-- ------------------------------------------------------
-- Server version	5.5.46-0ubuntu0.14.04.2

/*!40101 SET @OLD_CHARACTER_SET_CLIENT=@@CHARACTER_SET_CLIENT */;
/*!40101 SET @OLD_CHARACTER_SET_RESULTS=@@CHARACTER_SET_RESULTS */;
/*!40101 SET @OLD_COLLATION_CONNECTION=@@COLLATION_CONNECTION */;
/*!40101 SET NAMES utf8 */;
/*!40103 SET @OLD_TIME_ZONE=@@TIME_ZONE */;
/*!40103 SET TIME_ZONE='+00:00' */;
/*!40014 SET @OLD_UNIQUE_CHECKS=@@UNIQUE_CHECKS, UNIQUE_CHECKS=0 */;
/*!40014 SET @OLD_FOREIGN_KEY_CHECKS=@@FOREIGN_KEY_CHECKS, FOREIGN_KEY_CHECKS=0 */;
/*!40101 SET @OLD_SQL_MODE=@@SQL_MODE, SQL_MODE='NO_AUTO_VALUE_ON_ZERO' */;
/*!40111 SET @OLD_SQL_NOTES=@@SQL_NOTES, SQL_NOTES=0 */;

--
-- Table structure for table `history`
--

DROP TABLE IF EXISTS `history`;
/*!40101 SET @saved_cs_client     = @@character_set_client */;
/*!40101 SET character_set_client = utf8 */;
CREATE TABLE `history` (
  `time` timestamp NOT NULL DEFAULT CURRENT_TIMESTAMP,
  `user_id` int(255) unsigned NOT NULL,
  `symbol` varchar(10) NOT NULL,
  `shares` int(255) unsigned NOT NULL,
  `type` varchar(6) NOT NULL,
  `price` float unsigned NOT NULL,
  PRIMARY KEY (`time`)
) ENGINE=InnoDB DEFAULT CHARSET=latin1;
/*!40101 SET character_set_client = @saved_cs_client */;

--
-- Dumping data for table `history`
--

LOCK TABLES `history` WRITE;
/*!40000 ALTER TABLE `history` DISABLE KEYS */;
INSERT INTO `history` VALUES ('2016-03-31 18:45:08',9,'FREE',100,'buy',0.0158),('2016-03-31 18:45:23',9,'free',200,'sell',0.0158),('2016-03-31 18:46:02',9,'APPL',1,'buy',0),('2016-03-31 18:46:18',9,'AAPL',1,'buy',109.215),('2016-03-31 18:46:25',9,'aapl',1,'sell',109.22),('2016-04-02 08:20:27',11,'GOOG',50,'buy',749.91),('2016-04-02 08:22:09',11,'goog',50,'sell',749.91),('2016-04-02 08:25:58',11,'FREE',1000,'buy',0.0144);
/*!40000 ALTER TABLE `history` ENABLE KEYS */;
UNLOCK TABLES;

--
-- Table structure for table `portfolio`
--

DROP TABLE IF EXISTS `portfolio`;
/*!40101 SET @saved_cs_client     = @@character_set_client */;
/*!40101 SET character_set_client = utf8 */;
CREATE TABLE `portfolio` (
  `id` int(10) unsigned NOT NULL AUTO_INCREMENT,
  `user_id` int(10) unsigned NOT NULL,
  `symbol` varchar(10) NOT NULL,
  `shares` int(255) NOT NULL,
  PRIMARY KEY (`id`),
  UNIQUE KEY `id` (`id`),
  UNIQUE KEY `user_id` (`user_id`,`symbol`)
) ENGINE=InnoDB AUTO_INCREMENT=16 DEFAULT CHARSET=latin1;
/*!40101 SET character_set_client = @saved_cs_client */;

--
-- Dumping data for table `portfolio`
--

LOCK TABLES `portfolio` WRITE;
/*!40000 ALTER TABLE `portfolio` DISABLE KEYS */;
INSERT INTO `portfolio` VALUES (9,0,'goog',4),(13,9,'appl',1),(15,11,'free',1000);
/*!40000 ALTER TABLE `portfolio` ENABLE KEYS */;
UNLOCK TABLES;

--
-- Table structure for table `users`
--

DROP TABLE IF EXISTS `users`;
/*!40101 SET @saved_cs_client     = @@character_set_client */;
/*!40101 SET character_set_client = utf8 */;
CREATE TABLE `users` (
  `id` int(10) unsigned NOT NULL AUTO_INCREMENT,
  `username` varchar(255) NOT NULL,
  `hash` varchar(255) NOT NULL,
  `cash` decimal(65,4) unsigned NOT NULL DEFAULT '0.0000',
  PRIMARY KEY (`id`),
  UNIQUE KEY `username` (`username`)
) ENGINE=InnoDB AUTO_INCREMENT=18 DEFAULT CHARSET=latin1;
/*!40101 SET character_set_client = @saved_cs_client */;

--
-- Dumping data for table `users`
--

LOCK TABLES `users` WRITE;
/*!40000 ALTER TABLE `users` DISABLE KEYS */;
INSERT INTO `users` VALUES (1,'andi','$2y$10$c.e4DK7pVyLT.stmHxgAleWq4yViMmkwKz3x8XCo4b/u3r8g5OTnS',10000.0000),(2,'caesar','$2y$10$0p2dlmu6HnhzEMf9UaUIfuaQP7tFVDMxgFcVs0irhGqhOxt6hJFaa',10000.0000),(3,'eli','$2y$10$COO6EnTVrCPCEddZyWeEJeH9qPCwPkCS0jJpusNiru.XpRN6Jf7HW',10000.0000),(4,'hdan','$2y$10$o9a4ZoHqVkVHSno6j.k34.wC.qzgeQTBHiwa3rpnLq7j2PlPJHo1G',10000.0000),(5,'jason','$2y$10$ci2zwcWLJmSSqyhCnHKUF.AjoysFMvlIb1w4zfmCS7/WaOrmBnLNe',10000.0000),(6,'john','$2y$10$dy.LVhWgoxIQHAgfCStWietGdJCPjnNrxKNRs5twGcMrQvAPPIxSy',10000.0000),(7,'levatich','$2y$10$fBfk7L/QFiplffZdo6etM.096pt4Oyz2imLSp5s8HUAykdLXaz6MK',10000.0000),(8,'rob','$2y$10$3pRWcBbGdAdzdDiVVybKSeFq6C50g80zyPRAxcsh2t5UnwAkG.I.2',10000.0000),(9,'skroob','$2y$10$395b7wODm.o2N7W5UZSXXuXwrC0OtFB17w4VjPnCIn/nvv9e4XUQK',2428.2426),(10,'zamyla','$2y$10$UOaRF0LGOaeHG4oaEkfO4O7vfI34B1W23WqHr9zCpXL68hfQsS3/e',10000.0000),(11,'maxrimmer','$2y$10$rL1sKH7AHPCfYveS7QBDB.536a74jhePhvlgI5aiU98qw94MLedK.',37481.1000),(14,'test','$2y$10$nmfNJCoTA8iVcp./Jd7tBulDFa6BSfquH2Xr5okpR0Ocs4uSasmlO',10000.0000),(15,'log','$2y$10$dTGvUHDG6pPhFDzoSx2squbA6mlQ/Zt3mg7Ubv7HZ7URdWUZYPu6O',10000.0000),(16,'now','$2y$10$01Ker39Rf.a4gQk7eHygBehanZHWL3LEyskc/5swfbRe.oyGCyo/.',10000.0000);
/*!40000 ALTER TABLE `users` ENABLE KEYS */;
UNLOCK TABLES;
/*!40103 SET TIME_ZONE=@OLD_TIME_ZONE */;

/*!40101 SET SQL_MODE=@OLD_SQL_MODE */;
/*!40014 SET FOREIGN_KEY_CHECKS=@OLD_FOREIGN_KEY_CHECKS */;
/*!40014 SET UNIQUE_CHECKS=@OLD_UNIQUE_CHECKS */;
/*!40101 SET CHARACTER_SET_CLIENT=@OLD_CHARACTER_SET_CLIENT */;
/*!40101 SET CHARACTER_SET_RESULTS=@OLD_CHARACTER_SET_RESULTS */;
/*!40101 SET COLLATION_CONNECTION=@OLD_COLLATION_CONNECTION */;
/*!40111 SET SQL_NOTES=@OLD_SQL_NOTES */;

-- Dump completed on 2016-04-02  8:28:54
